[
    {
        "x": 440,
        "y": 52,
        "radius": 17,
        "marked": true
    },
    {
        "x": 374,
        "y": 50,
        "radius": 18,
        "marked": true
    },
    {
        "x": 304,
        "y": 50,
        "radius": 18,
        "marked": true
    },
    {
        "x": 576,
        "y": 52,
        "radius": 17,
        "marked": true
    },
    {
        "x": 168,
        "y": 50,
        "radius": 18,
        "marked": true
    },
    {
        "x": 236,
        "y": 52,
        "radius": 17,
        "marked": true
    },
    {
        "x": 508,
        "y": 50,
        "radius": 17,
        "marked": true
    }
]